colour,what it is,size
white,oxford shirt,M
white,oxford shirt,M
blue,oxford shirt,M
blue,check shirt,M
white,linen shirt,M
blue,denim shirt,M
black,polo shirt,M
black,polo shirt,M
white,t-shirt,M
white,t-shirt,M
white,t-shirt,M
white,t-shirt,M
black,t-shirt,M
black,t-shirt,M
black,t-shirt,M
grey,t-shirt,M
navy,t-shirt,M
navy,t-shirt,M
navy,jumper,M
grey,jumper,M
black,jumper,M
oatmeal,cardigan,M
green,sweatshirt,M
blue,jeans,32/32
black,jeans,32/32
grey,chinos,32/32
navy,chinos,32/32
beige,chinos,32/30
black,trousers,32/32
khaki,shorts,32
black,sock,9
black,sock,9
black,sock,9
black,sock,9
black,sock,9
black,sock,9
navy,sock,9
navy,sock,9
navy,sock,9
navy,sock,9
grey,sock,9
grey,sock,9
navy,coat,M
black,rain jacket,M
blue,denim jacket,M
grey,blazer,40
