id,name
g01,White Oxford
g02,White Oxford
g03,Blue Oxford
g04,Blue check shirt
g05,White linen shirt
g06,Denim shirt
g07,Black polo
g08,Black polo
g09,White tee
g10,White tee
g11,White tee
g12,White tee
g13,Black tee
g14,Black tee
g15,Black tee
g16,Grey marl tee
g17,Navy tee
g18,Navy tee
g19,Navy lambswool jumper
g20,Grey cable knit jumper
g21,Black merino jumper
g22,Oatmeal cardigan
g23,Green sweatshirt
g24,Blue jeans
g25,Black jeans
g26,Grey chinos
g27,Navy chinos
g28,Beige chinos
g29,Black trousers
g30,Khaki shorts
g31,Black sock
g32,Black sock
g33,Black sock
g34,Black sock
g35,Black sock
g36,Black sock
g37,Navy sock
g38,Navy sock
g39,Navy sock
g40,Navy sock
g41,Grey wool sock
g42,Grey wool sock
g43,Navy wool coat
g44,Black rain jacket
g45,Denim jacket
g46,Grey blazer
p01,Wardrobe
p02,Laundry basket
p03,Chair
p04,Floor
p05,Washing machine
